{
  "total_functions": 3,
  "total_tests": 3,
  "total_passed": 1,
  "overall_success_rate": 0.3333333333333333,
  "pass_at_k": {
    "pass@1": 0.3333333333333333
  },
  "avg_pass_ratio": 0.47142857142857136
}